id,name,edition,team,firstNight,firstNightReminder,otherNight,otherNightReminder,reminders,remindersGlobal,ability,setup
alchemist,Alquimista,,townsfolk,3,Muestra al Alquimista el token de un Minion no presente en el juego.,0,,,Es el Alquimista,Tienes la habilidad de un Minion no presente en la partida.,
amnesiac,Amnesico,,townsfolk,12,Decide la habilidad del Amnesico. Si la habilidad requiere que se despierte esta noche: despiertale para que la use.,5,Si la habilidad del Amnesico requiere que se despierte esta noche: despiertale para que la use.,?,,"No sabes cual es tu habilidad. Cada dia, intenta adivinarla en privado: sabras que tan cerca estas de adivinarla.",
artist,Artista,snv,townsfolk,0,,0,,Sin Habilidad,,"Una vez por juego, durante el dia, hazle una pregunta de si o no al Narrador en privado.",
atheist,Ateo,,townsfolk,0,,0,,,,"El Narrador puede romper las reglas del juego y, si es ejecutado, gana el equipo bueno, aun si estas muerto. [No hay personajes del equipo malo]",TRUE
balloonist,Aeronauta,,townsfolk,44,Elige una categoria de personajes. Senala a un jugador que tenga un personaje de esa cateogria. Coloca el recordatorio de Visto del Aeronauta junto a ese personaje.,63,"Elige una categori­a de personajes que aun no tenga el recordatorio de Visto del Aeroanuta junto a un personaje. Senala a un jugador cuyo personaje esta en esa categoria, si lo hay. Coloca el recordatorio de Visto del Aeronauta junto a ese personaje.",Conocido,,"Cada noche, aprendes un jugador de una categoria diferente al de anoche. [+0 o +1 Forastero]",TRUE
bountyhunter,Cazarrecompensas,,townsfolk,45,Despierta al Aldeano del equipo malo y muestrale la tarjeta de 'Eres' y el pulgar hacia abajo.,65,"Si el Aldeano conocido por el Cazarrecompensas esta muerto, senala a otro jugador del equipo malo.",Conocido,,"Comienzas sabiendo que un jugador es del equipo malo. Si el jugador que conoces muere, esta noche conoces a otro jugador del equipo malo. [Un Aldeano es malo]",
cannibal,Canibal,,townsfolk,0,,0,,"Envenenado,Murio Hoy",,"Tienes la habilidad del que mas recientemente murio por ejecucion. Si dicha persona es del equipo malo, estas envenenado hasta que alguien del equipo bueno muera por ejecucion.",
chambermaid,Camarera,bmr,townsfolk,50,"La Camarera senala a dos jugadores. Muestrale la senal numerica (0, 1, 2, ...) indicando cuantos de esos jugadores se despertaron esta noche gracias a su habilidad.",70,"La Camarera senala a dos jugadores. Muestrale la senal numerica (0, 1, 2, ...) indicando cuantos de esos jugadores se despertaron esta noche gracias a su habilidad.",,,"Cada noche, escoge a dos jugadores vivos (no tu mismo): aprendes cuantos despertaron esta noche gracias a su habilidad.",
chef,Chef,tb,townsfolk,35,"Muestrale la senal numerica (0, 1, 2, ...) indicando cuantos pares de jugadores del equipo malo estan sentados juntos.",0,,,,Comienzas sabiendo cuantos pares de jugadores del equipo malo estan sentados juntos.,
choirboy,Corista,,townsfolk,0,,44,"Si el Demonio mata al Rey, despierta al Corista y senala al Demonio.",,,"Si el Demonio mata al Rey, aprendes que jugador es el Demonio. [+ el Rey]",TRUE
clockmaker,Relojero,snv,townsfolk,40,"Muestrale la senal numerica (0, 1, 2, ...) indicando a cuantos pasos del Demonio esta su Minion mas cercano.",0,,,,Comienzas sabiendo a cuantos pasos del Demonio esta su Minion mas cercano.,
courtier,Cortesano,bmr,townsfolk,19,"El Cortesano ya sea indica un 'no' con la cabeza, o senala a un personaje en la hoja de personajes. Si el Cortesano uso su habilidad: Si el personaje esta en juego, ese jugador esta borracho.",10,"Reduce el numero de dias que faltan para el jugador que esta borracho. Si el Cortesano no ha usado su habilidad: El Cortesano ya sea indica un 'no' con la cabeza, o senala a un personaje en la hoja de personajes. Si el Cortesano uso su habilidad: Si el personaje esta en juego, ese jugador esta borracho.","Borracho 1,Borracho 2,Borracho 3,Sin Habilidad",,"Una vez por juego, en la noche, escoge a un personaje: estara borracho por 3 noches y 3 di­as.",
washerwoman,Lavandera,tb,townsfolk,32,"Muestra el token de personaje de un Aldeano en juego. Senala a dos jugadores, uno de ellos es ese personaje.",0,,"Aldeano,Equivocado",,Comienzas sabiendo que 1 de 2 jugadores es un Aldeano en particular.,
baron,Baron,tb,minion,0,,0,,,,Hay Forasteros extra en el juego. [+2 Forasteros],TRUE
beggar,Limosnero,tb,traveler,0,,0,,,,"Tienes que usar un token de votacion para votar. Jugadores muertos pueden decidir darte el suyo. De ser asi, aprendes de que equipo es esa persona. Estas sobrio y saludable.",
bureaucrat,Burocrata,tb,traveler,1,El Burocrata senala a un jugador. Coloca el token de recordatorio '3 votos' del Burocrata junto al token de personaje de la persona escogida.,1,El Burocrata senala a un jugador. Coloca el token de recordatorio '3 votos' del Burocrata junto al token de personaje de la persona escogida.,3 Votos,,"Cada noche, escoge a un jugador (no tu mismo): su voto cuenta como 3 votos manana.",
butler,Mayordomo,tb,outsider,38,El Mayordomo senala a un jugador. Marca a ese jugador como 'Maestro'.,55,El Mayordomo senala a un jugador. Marca a ese jugador como 'Maestro'.,Maestro,,"Cada noche, escoge a un jugador (no tu mismo): manana, solo puedes votar si esa persona esta votando.",
drunk,Borracho,tb,outsider,0,,0,,,Es el Borracho,"No sabes que eres el Borracho. Piensas que eres un Aldeano en particular, pero no lo eres.",TRUE
empath,Empata,tb,townsfolk,36,"Muestrale la senal numerica (0, 1, 2) indicando el numero de vecinos vivos del Empata que son del equipo malo.",53,"Muestrale la senal numerica (0, 1, 2) indicando el numero de vecinos vivos del Empata que son del equipo malo.",,,"Cada noche, aprendes cuantos de tus 2 vecinos vivos son del equipo malo.",
fortuneteller,Vidente,tb,townsfolk,37,La Vidente senala a dos jugadores. Da la senal con la cabeza (si o no) si alguno de esos jugadores es el Demonio.,54,La Vidente senala a dos jugadores. Da la senal con la cabeza (si o no) si alguno de esos jugadores es el Demonio.,Falso Demonio,,"Cada noche, escoge a 2 jugadores: aprendes si alguno de ellos es el Demonio. Hay un jugador del equipo bueno que se registra como Demonio para ti.",
gunslinger,Pistolero,tb,traveler,0,,0,,,,"Cada dia, despues de que el primer voto haya sido contado, puedes escoger a un jugador que voto: se muere.",
imp,Imp,tb,demon,0,,24,"El Imp senala a un jugador. Ese jugador muere. Si el Imp se mata a si mismo de esta manera: Reemplaza el token de personaje de un Minion vivo con un token extra de Imp. Muestrale la tarjeta de 'Eres' al antiguo Minion, y luego el token de Imp.",Muerto,,"Cada noche*, escoge a un jugador: se muere. Si tu mueres de esta manera, un Minion se convierte en el Imp.",
investigator,Detective,tb,townsfolk,34,"Muestra el token de personaje de un Minion en juego. Senala a dos jugadores, uno de ellos es ese personaje.",0,,"Minion,Equivocado",,Comienzas sabiendo que 1 de 2 jugadores es un Minion en particular.,
librarian,Bibliotecario,tb,townsfolk,33,"Muestra el token de personaje de un Forastero en juego. Senala a dos jugadores, uno de ellos es ese personaje.",0,,"Forastero,Equivocado",,Comienzas sabiendo que 1 de 2 jugadores es un Forastero en particular. (O que hay cero en juego.),
mayor,Alcalde,tb,townsfolk,0,,0,,,,"Si solamente 3 jugadores viven y no sucede ninguna ejecucion, tu equipo gana. Si mueres en la noche, algun otro jugador puede morir en tu lugar.",
monk,Monje,tb,townsfolk,0,,13,El jugador previamente protegido ya no esta protegido. El Monje senala a un jugador que no sea el mismo. Marca a esa persona como 'Protegido'.,Protegido,,"Cada noche*, escoge a un jugador (no tu mismo): esta a salvo del Demonio esta noche.",
poisoner,Envenenador,tb,minion,17,El Envenenador senala a un jugador. Ese jugador esta envenenado.,8,El jugador previamente envenenado ya no esta envenenado. El Envenenador senala a un jugador. Ese jugador esta envenenado.,Envenenado,,"Cada noche, escoge a un jugador: esta envenenado esta noche y el dia de manana.",
ravenkeeper,Cuida-Cuervos,tb,townsfolk,0,,42,Si el Cuida-Cuervos murio esta noche: El Cuida-Cuervos senala a un jugador. Muestrale el token de personaje de ese jugador.,,,"Si te mueres en la noche, te despiertas para escoger a un jugador: aprendes su personaje.",
recluse,Reclusa,tb,outsider,0,,0,,,,"Puede que te registres con el equipo malo y como Minion o Demonio, aun muerto.",
saint,Santo,tb,outsider,0,,0,,,,"Si mueres por ejecucion, tu equipo pierde.",
scapegoat,Chivo Expiatorio,tb,traveler,0,,0,,,,"Si un jugador de tu equipo es ejecutado, puede que seas ejecutado en su lugar.",
scarletwoman,Mujer Escarlata,tb,minion,0,,20,"Si la Mujer Escarlata se convirtio en el Demonio hoy: Muestrale la carta de 'Eres', y luego el token de Demonio.",Demonio,,"Si hay 5 o mas jugadores vivos y el Demonio muere, te conviertes en el Demonio. (Viajeros no cuentan)",
slayer,Cazador,tb,townsfolk,0,,0,,Sin Habilidad,,"Una vez por juego, durante el dia, publicamente escoge a un jugador: si es el Demonio, se muere.",
soldier,Soldado,tb,townsfolk,0,,0,,,,Estas a salvo del Demonio.,
spy,Espia,tb,minion,48,Muestrale el Grimoire al Espia por el tiempo que sea necesario.,68,Muestrale el Grimoire al Espia por el tiempo que sea necesario.,,,"Cada noche, vez el Grimoire. Puede que te registres con el equipo bueno y como un Aldeano o Forastero, aun muerto.",
thief,Ladron,tb,traveler,1,El Ladron senala a un jugador. Coloca el recordatorio de 'Voto Negativo' del Ladron junto al token de personaje del jugador escogido.,1,El Ladron senala a un jugador. Coloca el recordatorio de 'Voto Negativo' del Ladron junto al token de personaje del jugador escogido.,Voto Negativo,,"Cada noche, escoge a un jugador (no tu mismo): su voto cuenta negativo manana.",
undertaker,Sepulturero,tb,townsfolk,0,,56,Si un jugador fue ejecutado hoy: Muestrale el token de personaje de ese jugador.,Ejecutado,,"Cada noche*, aprendes que personaje murio por ejecucion hoy.",
virgin,Virgen,tb,townsfolk,0,,0,,Sin Habilidad,,"La primera vez que eres nominado, si el nominador es un Aldeano, este es ejecutado inmediatamente.",
apprentice,Aprendiz,bmr,traveler,1,"Muestrale al Aprendiz la carta de 'Eres', luego un token de Aldeano o Minion.",0,,Es el Aprendiz,,"En tu primera noche, obtienes una habilidad de Aldeano (si estas en el equipo bueno), o la de un Minion (si estas en el malo).",
assassin,Asesino,bmr,minion,0,,37,Si el Asesino no ha usado su habilidad: El Asesino ya sea indica un 'no' con su cabeza o senala a un jugador. Ese jugador muere.,"Muerto,Sin Habilidad",,"Una vez por juego, en la noche*, escoge a un jugador: se muere, aun si por alguna razon no pudiera.",
bishop,Obispo,bmr,traveler,0,,0,,"Nominar Buenos,Nominar Malos",,Solamente el Narrador puede nominar. Al menos un jugador del equipo opuesto debe de ser nominado cada dia.,
devilsadvocate,Abogado Corrupto,bmr,minion,22,El Abogado del Diablo senala a un jugador vivo. Ese jugador sobrevive su ejecucion manana.,14,El Abogado del Diablo senala a un jugador vivo diferente al de anoche. Ese jugador sobrevive su ejecucion manana.,Sobrevive Ejecucion,,"Cada noche, escoge a un jugador vivo (diferente de anoche): si es ejecutado manana, no muere.",
exorcist,Exorcista,bmr,townsfolk,0,,22,"El Exorcista senala a un jugador, diferente al de anoche. Si ese jugador es el Demonio: Despierta al Demonio. Muestrale el token del Exorcista. Senala al Exorcista. El Demonio no actua esta noche.",Escogido,,"Cada noche*, escoge a un jugador (diferente de anoche): el Demonio, si es escogido, aprende quien eres y no despierta esta noche.",
fool,Bufon,bmr,townsfolk,0,,0,,Sin Habilidad,,"La primera vez que mueres, no lo haces.",
gambler,Ludopata,bmr,townsfolk,0,,11,"El Ludopata senala a un jugador, y a un personaje en la hoja de personajes. Si esta incorrecto, el Ludopata muere.",Muerto,,"Cada noche*, escoge a un jugador y adivina su personaje: si adivinas mal, mueres.",
godfather,Padrino,bmr,minion,21,Muestrale cuales Forasteros estan en juego.,38,Si un Forastero murio en el dia: El Padrino senala a un jugador. Esa jugador muere.,"Muerto,Murio Hoy",,"Comienzas sabiendo cuales Forasteros estan en juego. Si 1 murio en el dia, escoge a un jugador esta noche: se muere. [-1 o +1 Forastero]",TRUE
goon,Maton,bmr,outsider,0,,0,,Borracho,,"Cada noche, el primer jugador que te escoja con su habilidad esta boracho hasta el anochecer. Te vas a su equipo.",
gossip,Chismoso,bmr,townsfolk,0,,47,Si el hecho publico del Chismoso fue cierto: Escoge a un jugador no protegido de la muerte esta noche. Ese jugador muere.,Muerto,,"Cada dia, puedes decir publicamente un hecho. Esta noche, si fue verdadero, un jugador muere.",
grandmother,Abuelita,bmr,townsfolk,39,Muestrale el token de personaje marcado. Senala al jugador marcado.,50,Si el Demonio mato al nieto de la Abuelita esta noche: La Abuelita muere.,Nieto,,"Comienzas conociendo a un jugador del equipo bueno y su personaje. Si el Demonio lo mata, mueres tambien.",
innkeeper,Tabernero,bmr,townsfolk,0,,9,Los jugadores previamente protegidos pierden sus marcadores. El Tabernero senala a dos jugadores. Esos jugadores estan protegidos. Uno esta borracho.,"Borracho,Protegido",,"Cada noche*, escoge 2 jugadores: no pueden morir esta noche, pero 1 de ellos esta borracho hasta el anochecer.",
judge,Juez,bmr,traveler,0,,0,,Sin Habilidad,,"Una vez por juego, si otro jugador nomino, puedes decidir forzar la ejecucion para que pase o no.",
lunatic,Lunatico,bmr,outsider,7,Si hay 7 o mas jugadores: Muestrale al Lunatico un numero de Minions arbitrarios segun el numero de Minions en juego. Muestrale 3 tokens de personajes del equipo bueno arbitrarios. Si el token recibido por el Lunatico es un Demonio que se despertaria esta noche: Deja que el Lunatico actue como dicho Demonio. Coloca sus marcadores de 'Ataque'. Despierta al Demonio. Senala al jugador que es el Lunatico y muestrale el token de personaje. Si el Lunatico ataco jugadores: Senala al Demonio cada jugador que fue atacada por el Lunatico. Remueve los tokens de 'Ataque'.,21,Deja que el Lunatico haga las acciones del Demonio. Coloca sus marcadores de 'Ataque' . Si el Lunatico ataco jugadores: Senala al Demonio cada jugador que fue atacada por el Lunatico. Remueve los tokens de 'Ataque'.,"Ataque,Ataque 2,Ataque 3",,"Piensas que eres un Demonio, pero no lo eres. El Demonio sabe quien eres y a quien escoges en las noches.",
mastermind,Maquiavelico,bmr,minion,0,,0,,,,"Si el Demonio muere por ejecucion (terminando el juego), juega por un dia mas. Si entonces un jugador es ejecutado, su equipo pierde.",
matron,Matriarca,bmr,traveler,0,,0,,,,"Cada dia, puedes escoger hasta 3 sets de 2 jugadores para que cambien de asiento. Ningun jugador puede levantarse a hablar en privado.",
minstrel,Trovador,bmr,townsfolk,0,,0,,Todos Borrachos,,"Cuando un Minion muere por ejecucion, todos los demas jugadores (a excepcion de los Viajeros) estan borrachos hasta el anochecer del dia siguiente.",
moonchild,Hijo de la Luna,bmr,outsider,0,,49,"Si el Hijo de la Luna uso su habilidad para escoger a un jugador hoy: Si ese jugador es del equipo bueno, se muere.",Muerto,,"Cuando te das cuenta que moriste, publicamente escoge a un jugador vivo. Esta noche, si era del equipo bueno, se muere.",
pacifist,Pacifista,bmr,townsfolk,0,,0,,,,Jugadores del equipo bueno ejecutados puede que no mueran.,
po,Po,bmr,demon,0,,28,"Si el Po escogio matar a nadie la noche anterior: El Po senala a tres jugadores. Si no: Ya sea el Po indica un 'no' con la cabeza, o senala a un jugador. El jugador senalado se muere.","3 Ataques,Muerto",,"Cada noche*, puedes escoger a un jugador: se muere. Si tu ultima decision fue nadie, escoge a 3 personas esta noche.",
professor,Profesor,bmr,townsfolk,0,,45,"Si el Profesor no ha usado su habilidad: El Profesor ya sea indica un 'no' con su cabeza, o senala a un jugador muerto. Si ese jugador es un Aldeano, ahora esta vivo.","Vivo,Sin Habilidad",,"Una vez por juego, en la noche*, escoge a un jugador muerto: si es un Aldeano, es resucitado.",
pukka,Pukka,bmr,demon,28,El Pukka senala a un jugador. Ese jugador esta envenenado.,28,El Pukka senala a un jugador. Ese jugador esta envenenado. El jugador previamente envenenado muere.,"Muerto,Envenenado",,"Cada noche, escoge a un jugador: esta envenenado. El jugador previamente envenenado muere y se cura.",
sailor,Marinero,bmr,townsfolk,10,"El Marinero senala a un jugador vivo. Ya sea el Marinero, o el jugadore escogido, esta borracho.",4,"El jugador previamente emborrachado ya no lo esta. El Marinero senala a un jugador vivo. Ya sea el Marinero, o el jugadore escogido, esta borracho.",Borracho,,"Cada noche, escoge a un jugador vivo: uno de ustedes esta borracho hasta el anochecer. No puedes morir.",
shabaloth,Shabaloth,bmr,demon,0,,27,Un jugador que el Shabaloth haya escogido anoche puede que sea resucitado. El Shabaloth senala a dos jugadores. Esos jugadores mueren.,"Vivo,Muerto",,"Cada noche*, escoge a 2 jugadores: se mueren. Un jugador muerto que escogiste anoche puede que sea regurgitado.",
tealady,Senora del Te,bmr,townsfolk,0,,0,,"No Puede Morir,No Puede Morir",,"Si ambos de tus vecinos vivos son del equipo bueno, no pueden morir.",
tinker,Trabajador,bmr,outsider,0,,0,,Muerto,,Puede que mueras en cualquier momento.,
voudon,Vudu,bmr,traveler,0,,0,,,,Solamente tu y los muertos pueden votar. No necesitan un token de voto para hacerlo. Un 50% de mayoria no es requerido.,
zombuul,Zombuul,bmr,demon,0,,25,Si nadie muro durante el dia: El Zombuul senala a un jugador. Ese jugador se muere.,"Muerto,Murio Hoy",,"Cada noche*, si nadie murio hoy, escoge a un jugador: se muere. La primera vez que mueres, vives pero te registras como muerto.",
barber,Peluquero,snv,outsider,0,,40,"Si el Peluquero murio hoy: Despierta al Demonio. Muestrale la carta de 'Este personaje te selecciono', y luego el token del Peluquero. El Demonio ya sea indica un 'no' con su cabeza, o senala a 2 jugadores. Si escogio a los jugadores: Intercambia sus personajes. Despierta a cada uno de ellos. Muestrale la carta de 'Eres', y luego su nuevo token de personaje.",Cortando el Pelo,,"Si moriste en el dia o en la noche, el Demonio puede escoger a 2 jugadores (no otro Demonio) para cambiar de personajes.",
barista,Barista,snv,traveler,1,"Escoge a un jugador, despiertale y dile cual de las dos habilidades del Barista le esta afectando.",1,"Escoge a un jugador, despiertale y dile cual de las dos habilidades del Barista le esta afectando.","Habilidad Doble,Sobrio y Saludable",,"Cada noche, hasta el anochecer, 1) un jugador se vuelve sobrio, saludable y obtiene informacion correcta, o 2) su habilidad funciona dos veces. Dicho jugador aprende cual.",
bonecollector,Huesero,snv,traveler,0,,1,"El Huesero ya sea indica un 'no' con su cabeza o senala a un jugador muerto. Si senalo a un jugador muerto, coloca el recordatorio del Huesuero de 'Tiene Habilidad' junto al token de personaje del jugador seleccionado. (Puede que necesites despertarle esta noche para que la use.)","Tiene Habilidad,Sin Habilidad",,"Una vez por juego, en la noche*, escoge a un jugador muerto: obtiene su habilidad hasta el anochecer.",
butcher,Carnicero,snv,traveler,0,,0,,,,"Cada dia, despues de la primera ejecucion, puedes nominar otra vez.",
cerenovus,Cerenovus,snv,minion,25,"El Cerenovus senala a un jugador, luego a un personaje en su hoja de personajes. Despierta a ese jugador. Muestrale la carta de 'Este personaje te selecciono', luego el token de Cerenovus. Muestrale el token de personaje. Si el jugador no esta loco diciendo que es dicho personaje manana, puede ser ejecutado.",16,"El Cerenovus senala a un jugador, luego a un personaje en su hoja de personajes. Despierta a ese jugador. Muestrale la carta de 'Este personaje te selecciono', luego el token de Cerenovus. Muestrale el token de personaje. Si el jugador no esta loco diciendo que es dicho personaje manana, puede ser ejecutado.",Loco,,"Cada noche, escoge a un jugador y a un personaje del equipo bueno: manana estara 'loco' de que es dicho personaje, o puede que sea ejecutado.",
deviant,Degenerado,snv,traveler,0,,0,,,,"Si fuiste gracioso hoy, no puedes morir por exilio.",
dreamer,Sonador,snv,townsfolk,41,El Sonador senala a un jugador. Muestrale un personaje del equipo bueno y uno del malo; solo uno de esos dos es correcto.,57,El Sonador senala a un jugador. Muestrale un personaje del equipo bueno y uno del malo; solo uno de esos dos es correcto.,,,"Cada noche, escoge a un jugador (no tu mismo o Viajeros): aprendes un personaje del equipo bueno y uno del malo, 1 de ellos es correctos.",
eviltwin,Gemela Malvada,snv,minion,23,Despierta a la Gemela Malvada y a su contraparte. Confirma que ambas gemelas se conocieron. Senala a la Gemela Malvada. Muestrale el token de Gemela Malvada a su contraparte. Senala a la otra gemela y muestrale a la Gemela Malvada su token de personaje.,0,,Gemela,,"Tu y un jugador del equipo opuesto se conocen. Si la Gemela Buena es ejecutada, ganan los malos. Los buenos no pueden ganar si ambas gemelas estan vivas.",
fanggu,Fang Gu,snv,demon,0,,29,"El Fang Gu senala a un jugador. Ese jugador muere. O, si ese jugador era un Forastero y no hay otro Fang Gu en juego: El Fang Gu se muere en lugar del jugador seleccionado. El jugador seleccionado ahora es un Fang Gu del equipo malo. Despierta al nuevo Fang Gu. Muestrale la carta de 'Eres', y luego el token de Fang Gu. Muestrale otra vez la carta de 'Eres' y hazle la senal del equipo malo, pulgar hacia abajo.","Muerto,Sin Salto",,"Cada noche*, escoge a un jugador: se muere. El primer Forastero que se muera asi se convierte en un Fang Gu del equipo malo y tu mueres en su lugar. [+1 Forastero]",TRUE
flowergirl,Nina de las Flores,snv,townsfolk,0,,58,Indica con la cabeza un 'si' o 'no' si un Demonio voto hoy o no.,"Demonio Voto,Demonio No Voto",,"Cada noche*, aprendes si un Demonio voto en el dia.",
harlot,Mujerzuela,snv,traveler,0,,1,"La Mujerzuela senala a un jugador vivo. Luego, pon a la Mujerzuela a dormir. Despierta al jugador seleccionado, muestrale la carta de 'Este personaje te selecciono' y el token de la Mujerzuela. Ese jugador indica ya sea un 'si' o 'no' con su cabeza. Si dice que si, despierta a la Mujerzuela y muestrale el token de personaje del jugador seleccionado. Luego, tu decides si mueren ambos.",Muerto,,"Cada noche*, escoge a un jugador vivo: si aceptan, aprendes cual es su personaje, pero puede que ambos mueran.",
juggler,Malabarista,snv,townsfolk,0,,62,"Si hoy fue el primer dia del Malabarista: Muestrale la senal numerica (0, 1, 2, ...) por cada token de 'Correcto' registrado. Remueve los tokens.",Correcto,,"En tu primer dia, publicamente adivina el personaje de hasta 5 jugadores. Esa noche, aprendes cuantos tuviste correctos.",
klutz,Torpe,snv,outsider,0,,0,,,,"Cuando te das cuenta que moriste, publicamente escoge a un jugador vivo: si es del equipo malo, tu equipo pierde.",
mathematician,Matematico,snv,townsfolk,51,"Muestrale la senal numerica (0, 1, 2, ) indicando el numero de jugadores cuyas habilidades malfuncionaron debido a habilidades de otros jugadores.",71,"Muestrale la senal numerica (0, 1, 2, ) indicando el numero de jugadores cuyas habilidades malfuncionaron debido a habilidades de otros jugadores.",Anormal,,"Cada noche, aprendes cuantas habilidades de los jugadores funcionaron de manera anormal (desde el amanecer) debido a habilidades de otros jugadores.",
mutant,Mutante,snv,outsider,0,,0,,,,"Si estas 'loco' de que eres un Forastero, puede que seas ejecutado.",
nodashii,No Dashii,snv,demon,0,,30,El No Dashii senala a un jugador. Ese jugador muere.,"Muerto,Envenenado,Envenenado",,"Cada noche*, escoge a un jugador: se muere. Tus 2 vecinos Aldeanos estan envenenados.",
oracle,Oraculo,snv,townsfolk,0,,60,"Muestrale la senal numerica (0, 1, 2, ) indicando el numero de jugadores muertos del equipo malo.",,,"Cada noche*, aprendes cuantos jugadores muertos son del equipo malo.",
philosopher,Filosofo,snv,townsfolk,2,"El Filosofo ya sea indica un 'no' con su cabeza, o senala a un personaje del equipo bueno en su hoja de personaje. Intercambia el personaje fuera del juego con el del Filosofo. O, si el personaje esta en juego, coloca el marcador de borracho junto al token del personaje en juego.",2,"Si el Filosofo no ha utilizado su habilidad: El Filosofo ya sea indica un 'no' con su cabeza, o senala a un personaje del equipo bueno en su hoja de personaje. Intercambia el personaje fuera del juego con el del Filosofo. O, si el personaje esta en juego, coloca el marcador de borracho junto al token del personaje en juego.",,"Es el Filosofo,Borracho","Una vez por juego, en la noche, escoge a un personaje del equipo bueno: obtienes su habilidad. Si ese personaje esta en juego, esta borracho.",
pithag,Hechicera,snv,minion,0,,17,"La Hechicera senala a un jugador y a un personaje en la hoja de personajes. Si el personaje no esta en juego, despierta al jugador seleccionado y luego muestrale la carta de 'Eres' y el token de personaje relevante. Si esta en juego, no pasa nada.",,,"Cada noche*, escoge a un jugador y un personaje. Se convierte en ese personaje (si no esta en juego). Si un Demonio es creado, las muertes esta noche son arbitrareas.",
sage,Sabio,snv,townsfolk,0,,43,"Si el Demonio mato al Sabio: Senala a dos jugadores, uno de ellos es el Demonio.",,,"Si el Demonio te mata, aprendes quien es entre 2 jugadores.",
savant,Prodigio,snv,townsfolk,0,,0,,,,"Cada dia, puedes visitar al Narrador para aprender 2 cosas en privado: una es verdadera y la otra falsa.",
seamstress,Costurera,snv,townsfolk,42,"La Costurera ya sea indica un 'no' con su cabeza, o senala a dos jugadores. Si la Costurera escogio jugadores, indica un 'si' o 'no' con la cabeza si son o no del mismo equipo.",61,"Si la Costurera no ha usado su habilidad: La Costurera ya sea indica un 'no' con su cabeza, o senala a dos jugadores. Si la Costurera escogio jugadores, indica un 'si' o 'no' con la cabeza si son o no del mismo equipo.",Sin Habilidad,,"Una vez por juego, en la noche, escoge a 2 jugadores (no tu mismo): aprendes si son del mismo equipo.",
snakecharmer,Hipnotizador,snv,townsfolk,20,"El Hipnotizador senala a un jugador. Si ese jugador es el Demonio: intercambia el Demonio con el Hipnotizador, como tambien de que equipo juegan. Despierta a cada jugador para informarles de su nuevo personaje y equipo. El nuevo Hipnotizador esta envenenado.",12,"El Hipnotizador senala a un jugador. Si ese jugador es el Demonio: intercambia el Demonio con el Hipnotizador, como tambien de que equipo juegan. Despierta a cada jugador para informarles de su nuevo personaje y equipo. El nuevo Hipnotizador esta envenenado.",Envenenado,,"Cada noche, escoge a un jugador vivo: un Demonio seleccionado intercambia personajes y equipo contigo, despues se envenena.",
sweetheart,Querida,snv,outsider,0,,41,Escoge a un jugador que estara borracho por el resto de la partida.,Borracho,,"Cuando mueres, un jugador esta borracho de ahora en adelante.",
towncrier,Voceador,snv,townsfolk,0,,59,Indica con la cabeza un 'si' o 'no' si un Minion nomino hoy o no.,"Minion Nomino,Minion No Nomino",,"Cada noche*, aprendes si un Minion nomino en el dia.",
vigormortis,Vigormortis,snv,demon,0,,32,"El Vigormortis senala a un jugador. Ese jugador se muere. Si es un Minion, mantiene su habilidad y uno de sus vecinos Aldeanos esta envenenado.","Muerto,Tiene Habilidad,Envenenado",,"Cada noche*, escoge a un jugador: se muere. Minions que mates mantienen su habilidad y envenenan a un Aldeano vecino. [-1 Forastero]",TRUE
vortox,Vortox,snv,demon,0,,31,El Vortox senala a un jugador. Ese jugador se muere.,Muerto,,"Cada noche*, escoge a un jugador: se muere. Las habilidades de los Aldeanos generan informacion incorrecta. Cada dia, si nadie es ejecutado, gana el equipo malo.",
witch,Bruja,snv,minion,24,"La Bruja senala a un jugador. Si ese jugador nomina manana, muere inmediatamente.",15,"Si hay 4 o mas jugadores vivos: La Bruja senala a un jugador. Si ese jugador nomina manana, muere inmediatamente.",Maldecido,,"Cada noche, escoge a un jugador: si manana nomina, se muere. Si solamente quedan 3 personas vivas, pierdes la habilidad.",
steward,Ayudante,,townsfolk,42,Senala a un jugador del equipo bueno.,0,,Instructor,,Comienzas conociendo a un jugador del equipo bueno.,
knight,Caballero,,townsfolk,41,Senala a dos jugadores que no sean el Demonio.,0,,Limpios,,Comienzas conociendo a 2 jugadores que no son el Demonio.,
pixie,Hada,,townsfolk,29,Muestrale a el Hada el token de un Aldeano que este en juego.,0,,"Loca,Tiene Su Habilidad",,"Comienzas sabiendo uno de los Aldeanos en juego. Si estas 'loca' de que eres este personaje, ganas su habilidad cuando muera.",
noble,Noble,,townsfolk,43,"Senala a 3 jugadores incluyendo a uno del equipo malo, sin importar el orden.",0,,"Visto,Visto,Visto",,"Comienzas sabiendo que de 3 jugadores, 1 y solo 1 de ellos es del equipo malo.",
highpriestess,Gran Sacerdotisa,,townsfolk,44,Senala al jugador con el que pienses que deberia de hablar mas la Gran Sacerdotisa.,68,Senala al jugador con el que pienses que deberia de hablar mas la Gran Sacerdotisa.,Aliado,,"Cada noche, aprende con que jugador el Narrador piensa que deberias de hablarle mas.",
cultleader,Cultista,,townsfolk,47,"Si el Cultista cambio de equipo, muestrale el pulgar hacia arriba o hacia abajo indicando el nuevo equipo.",67,"Si el Cultista cambio de equipo, muestrale el pulgar hacia arriba o hacia abajo indicando el nuevo equipo.",,,"Cada noche, te cambias al equipo de un vecino vivo. Si todos los jugadores del equipo bueno escogen unirse a tu culto, tu equipo gana.",
general,General,,townsfolk,49,"Muestrale al General el pulgar hacia abajo o hacia arriba dependiendo del equipo que pienses que va ganando, o muestrale ninguno.",69,"Muestrale al General el pulgar hacia abajo o hacia arriba dependiendo del equipo que pienses que va ganando, o muestrale ninguno.",,,"Cada noche, aprendes que equipo el Narrador piensa que va ganando.",
preacher,Pastor,,townsfolk,14,"El Pastor escoge a un jugador. Si un Minion es escogido, despierta al Minion y muestrale la carta de 'Este personaje te selecciono' y luego el token del Pastor.",7,"El Pastor escoge a un jugador. Si un Minion es escogido, despierta al Minion y muestrale la carta de 'Este personaje te selecciono' y luego el token del Pastor.",En un Sermon,,"Cada noche, escoge a un jugador: un Minion, si es escogido, aprende esto. Todos los Minions escogidos pierden su habilidad.",
king,Rey,,townsfolk,9,"Despierta al Demonio, muestrale la carta de 'Este personaje te selecciono', luego el token de personaje del Rey, y senala al jugadore que es el Rey.",64,"Si hay mas gente muerta que viva, muestrale al Rey un token de personaje de alguien vivo.",,,"Cada noche, si los muertos igualan o superan a los vivos, aprendes un personaje vivo. El Demonio sabe quien eres.",
lycanthrope,Licantropo,,townsfolk,0,,23,"El Licantropo senala a un jugador vivo: si es del equipo bueno, se muere y nadie mas puede morir esta noche.",Muerto,,"Cada noche*, escoge a un jugador vivo: si es del equipo bueno, muere, pero es el unico jugador que puede morir esta noche.",
poppygrower,Floricultora,,townsfolk,4,No informes a Minions/Demonio quienes son entre ellos.,3,"Si la Floricultora murio, muestrale a los Minions/Demonio quienes son entre ellos.",Los Malos Despiertan,,"Los Minions y el Demonio no se conocen. Si mueres, se conocen esta noche.",
huntsman,Guardabosques,,townsfolk,30,"El Guardabosques ya sea indica que 'no' con su cabeza o selecciona a un jugador vivo. Si selecciona a la Damisela, despierta al jugador, muestrale la carta de 'Eres' y un token de Aldeano que no estaba en juego.",51,"Si el Guardabosques no ha utilizado su habilidad: El Guardabosques ya sea indica que 'no' con su cabeza o selecciona a un jugador vivo. Si selecciona a la Damisela, despierta al jugador, muestrale la carta de 'Eres' y un token de Aldeano que no estaba en juego.",Sin Habilidad,,"Una vez por juego, en la noche, escoge a un jugador vivo: la Damisela, si es escogida, se convierte en un Aldeano no en juego. [+ la Damisela]",TRUE
engineer,Ingeniero,,townsfolk,13,"El Ingeniero ya sea indica un 'no' con su cabeza o senala al Demonio o al numero relevante de Minions en su hoja de personajes. Si el Ingeniero escogio personajes, reemplaza el Demonio o los Minions con las selecciones, despues despierta a los jugadores relevantes y muestrales la carta de 'Eres' seguido de sus nuevos personajes.",6,"Si el Ingeniero no ha usado su habilidad: El Ingeniero ya sea indica un 'no' con su cabeza o senala al Demonio o al numero relevante de Minions en su hoja de personajes. Si el Ingeniero escogio personajes, reemplaza el Demonio o los Minions con las selecciones, despues despierta a los jugadores relevantes y muestrales la carta de 'Eres' seguido de sus nuevos personajes.",Sin Habilidad,,"Una vez por juego, en la noche, escoge que Minions o que Demonio esta en juego.",
fisherman,Pescador,,townsfolk,0,,0,,Sin Habilidad,,"Una vez por juego, durante el dia, visita al Narrador para un consejo que te ayude a ganar.",
nightwatchman,Velador,,townsfolk,46,"El Velador ya sea indica un 'no' con su cabeza, o senala a un jugador. Despierta a ese jugador, muestrale la carta de 'Este personaje te selecciono' y el token del Velador, luego senala al jugador que es el Velador.",66,"Si el Velador no ha usado su habilidad: El Velador ya sea indica un 'no' con su cabeza, o senala a un jugador. Despierta a ese jugador, muestrale la carta de 'Este personaje te selecciono' y el token del Velador, luego senala al jugador que es el Velador.",Sin Habilidad,,"Una vez por juego, en la noche, escoge a un jugador: aprende quien eres.",
farmer,Granjero,,townsfolk,0,,46,"Si un Granjero murio hoy, escoge a un jugador del equipo bueno vivo y conviertelo en Granjero. Despierta a este jugador, muestrale la carta de 'Eres' y el token del Granjero.",,,"Si mueres en la noche, un jugador vivo del equipo bueno se convierte en Granjero.",
magician,Ilusionista,,townsfolk,0,,0,,,,El Demonio piensa que eres un Minion. Los Minions piensan que eres el Demonio.,
acrobat,Acrobata,,outsider,0,,39,"Si algun vecino vivo del Acrobata, que sea del equipo bueno esta borracho o envenenado, el Acrobata muere.",Muerto,,"Cada noche*, si cualquiera de tus vecinod vivos del equipo bueno esta envenenado o borracho, mueres.",
damsel,Damisela,,outsider,31,"Despierta a todos los Minions, muestrales la carta de 'Este personaje te selecciono' y el token de la Damisela.",52,"Si fue seleccionada por el Guardabosque, despierta a la Damisela, muestrale la carta de 'Eres' y un Aldeano no en juego.",Chance Usado,,"Todos los Minions saben que estas en juego. Si un Minion publicamente adivina quien eres (solo una vez), tu equipo pierde.",
golem,Golem,,outsider,0,,0,,Sin Nominar,,"Solamente puedes nominar una vez por juego. Cuando lo haces, si el nominado no es el Demonio, se muere.",
heretic,Hereje,,outsider,0,,0,,,,"Los que ganan, pierden y los que pierden, ganan, aun si estas muerto.",
puzzlemaster,Maestro del Acertijo,,outsider,0,,0,,"Borracho,Chance Usado",,"Un jugador esta borracho, aun si mueres. Si adivinas quien es (una vez), aprendes quien es el Demonio, pero si adivinas mal recibes informacion incorrecta.",
politician,Politico,,outsider,0,,0,,,,"Si fuiste el jugador mas responsable de la perdida de tu equipo, cambias de equipo y ganas, aun muerto.",
snitch,Soplon,,outsider,6,"Despues de darles la informacion a los Minions,  despierta cada Minion para mostrarle 3 personajes que no estan en juego.",0,,,,Los Minions comienzan informados de 3 personajes que no estan en juego.,
mezepheles,Mezefeles,,minion,27,Muestrale al Mezefeles la palabra secreta.,19,"Despierta al primer jugador del equipo bueno que haya dicho la palabra secreta. Muestrale la carta de 'Eres' y pulgar hacia abajo, indicando que ahora es del equipo malo.","Sin Habilidad,Se Vuelve Malo",,Comienzas sabiendo una palabra secreta. El primer jugador del equipo bueno que la diga se cambia de equipo esta noche.,
widow,Viuda,,minion,18,Muestrale el Grimoire a la Viuda por el tiempo que sea necesario. La Viuda senala a un jugador. Ese jugador esta envenenado. Despierta a un jugador del equipo bueno. Muestrale la carta de 'Estos personajes estan en juego' y luego el token de la Viuda.,0,,"Envenenado,Sabe",,"En tu primera noche, mira el Grimoire y escoge a un jugador: esta envenenado. Un jugador del equipo bueno sabe que hay una Viuda en juego.",
fearmonger,Pesadilla,,minion,26,La Pesadilla senala a un jugador. Coloca el recordatorio de 'Terror' junto al token de personaje del jugador y anuncia que un nuevo jugador ha sido seleccionado por la habilidad de la Pesadilla.,18,La Pesadilla senala a un jugador. Si es diferente al de anoche: Coloca el recordatorio de 'Terror' junto al token de personaje del jugador y anuncia que un nuevo jugador ha sido seleccionado por la habilidad de la Pesadilla.,Terror,,"Cada noche, escoge a un jugador. Si nominas y ejecutas a dicho jugador, su equipo pierde. Todos los jugadores saben si escoges a alguien mas.",
psychopath,Psicopata,,minion,0,,0,,,,"Cada dia, antes de las nominaciones, puedes publicamente escoger a un jugador: se muere. Si te ejecutan, solamente puedes morir si pierdes en 'Piedra, Papel o Tijera'.",
goblin,Duende,,minion,0,,0,,Dijo ser Duende,,"Si publicamente dices ser el Duende cuando eres nominado, y eres ejecutado ese dia, tu equipo gana.",
marionette,Marioneta,,minion,11,Selecciona a un jugador del equipo bueno que este junto a el Demonio y coloca el recordatorio de 'Es la Marioneta' junto a su token de personaje. Despierta al Demonio y muestrale quien es la Marioneta.,0,,,Es la Marioneta,"Piensas que eres un personaje del equipo bueno, pero no lo eres. El Demonio sabe quien eres. [El Demonio esta a tu lado]",TRUE
boomdandy,Senor Bombas,,minion,0,,0,,,,"Si eres ejecutado, todos menos 3 jugadores mueren. Un minuto despues, el jugador con mas manos senalandole muere.",
organgrinder,Organillero,,minion,0,,0,,,,"Todos los jugadores cierran sus ojos en las votaciones, y los resultados son secretos. Votos hacia ti solamente cuentan cuando tu votas.",
vizier,Visir,,minion,0,,0,,,,"Todos los jugadores saben quien eres. No puedes morir durante el dia. Si el equipo bueno voto, puedes escoger ejecutar inmediatamente.",
lleech,Sanguijuela,,demon,15,La Sanguijuela senala a un jugador. Coloca el recordatorio de 'Envenenado' de la Sanguijuela en el jugador seleccionado.,35,La Sanguijuela senala a un jugador: se muere.,"Muerto,Envenenado",,"Cada noche*, escoge a un jugador: se muere. Comienzas escogiendo a un jugador vivo: esta envenenado - tu mueres si y solo si ese jugador esta muerto.",
lilmonsta,Pequeno Demonio,,demon,16,"Despierta a todos los Minions juntos, deja que voten entre ellos senalando quien quieren que cuide al Pequeno Demonio.",36,"Despierta a todos los Minions juntos, deja que voten entre ellos senalando quien quieren que cuide al Pequeno Demonio.",,"Muerto, Cuidando al Bebe","Cada noche, los Minions deciden quien cuida al Pequeno Demonio y es 'el Demonio'. Cada noche*, un jugador puede morir. [+1 Minion]",TRUE
alhadikhia,Al-Hadikhia,,demon,0,,33,"El Al-Hadikhia escoge a 3 jugadores. Anuncia el primer jugador, despiertale para que te indiquen con la cabeza si vive o muere, matale o resurrectale de acuerdo a su eleccion, y que vuelva a dormir para anunciar al siguiente jugador. Si los 3 seleccionados estan vivos despues de esto, los 3 mueren.","1,2,3,Escogio Vivir,Escogio Morir",,"Cada noche*, escoge a 3 jugadores (todos saben quienes): cada uno silenciosamente escoge si vive o muere, pero si todos viven, todos mueren.",
legion,Legion,,demon,0,,34,"Escoge a un jugador, ese jugador se muere.","Muerto,Morira",,"Cada noche*, puede que muera un jugador. Las ejecuciones fallan si solamente vota el equipo malo. Te registras como Minion tambien. [La mayoria de los jugadores son Legion]",TRUE
riot,Furia,,demon,,,,,,,"Los nominados mueren, pero pueden nominar otra vez inmediatamente (en el dia 3, tienen que hacerlo). Despues del dia 3, gana el equipo malo. [Todos los Minions son Furia]",TRUE
leviathan,Leviatan,,demon,53,Coloca el marcador de 'Dia 1' del Leviatan. Anuncia que el Leviatan esta en juego; y este es el Dia 1.,73,Cambia el recordatorio del Dia por el siguiente.,"Dia 1,Dia 3,Dia 4,Dia 5,Jugador Bueno Ejecutado",,"Si mas de un jugador del equipo bueno es ejecutado, ganas. Todos los jugadores saben que estas en juego. Despues del dia 5, el equipo malo gana.",
gangster,Gangster,,traveler,0,,0,,,,"Una vez por dia, puedes escoger matar a un vecino vivo, si tu otro vecino vivo esta de acuerdo.",
doomsayer,Apocalipsis,,fabled,,,,,,,"Si 4 o mas jugadores estan vivos, cada jugador vivo puede publicamente escoger (una vez por juego) que un jugador de su mismo equipo se muera.",
angel,Angel,,fabled,,,,,"Protegido,Castigado",,Algo malo puede que le pase a la persona que sea mas responsable de la muerte de un jugador nuevo.,
buddhist,Budista,,fabled,,,,,,,"Por los primeros 2 minutos de cada dia, los jugadores veteranos no pueden hablar.",
hellslibrarian,Bibliotecaria Infernal,,fabled,,,,,Algo Malo,,,
revolutionary,Revolucionario,,fabled,,,,,,Registro Incorrecto,"2 jugadores vecinos son conocidos por estar del mismo equipo. Una vez por juego,  uno de ellos se registra incorrectamente.",
fiddler,Violinista,,fabled,,,,,,,"Una vez por juego, el Demonio secretamente escoge a un jugador del equipo opuesto: todos los jugadores escogen quien quieren que gane de esos 2 jugadores.",
toymaker,Juguetero,,fabled,,,,,Sin Ataque,,El Demonio puede decidir no atacar y tiene que hacer esto al menos una vez por juego. Jugadores del equipo malo obtienen informacion de inicio de manera normal.,
fibbin,Chistosin,,fabled,,,,,Informacion Falsa,,"Una vez por juego, un jugador del equipo bueno puede que obtenga informacion falsa.",
duchess,Duquesa,,fabled,,,,,"Visitante,Informacion Falsa",,"Cada dia, 3 jugadores pueden escoger visitarte. En la noche*, cada visitante aprende cuantos visitantes son del equipo malo, pero 1 obtiene informacion falsa.",
sentinel,Sentinela,,fabled,,,,,,,"Puede que haya un Forastero extra, o uno menos.",
spiritofivory,Espiritu de Marfil,,fabled,,,,,Jugador Extra,,No puede haber mas de un jugador extra del equipo malo.,
djinn,Genio,,fabled,,,,,,,Usa la regla especial del Genio. Todos los jugadores saben cual es.,
stormcatcher,Cazador de Tormentas,,fabled,,,,,Seguro,,"Nombra a un personaje del equipo bueno. Si esta en juego, solo puede morir por ejecucion, pero el equipo malo sabe quien es.",
bootlegger,Pirata,,fabled,,,,,,,El Script tiene personajes o reglas no oficiales.,
gardener,Jardinero,,fabled,,,,,,,El Narrador asigna a 1 o mas personajes manualmente.,
deusexfiasco,Deus ex Fiasco,,fabled,,,,,Ups,,"Una vez por juego, el Narrador va a cometer un 'error', corregirlo y publicamente admitirlo.",
harpy,Arpia,,minion,25,"Despierta a la Arpia, deja que apunte a un jugador, y luego a otro. Marca al 1ro con el marcador de 'Loco' y al segundo con el marcador de 'Victima'. Indica que duerma la Arpia y despierta al jugador marcado con el recordatorio de 'Loco'. Muestrale la tarjeta de 'Este personaje te selecciono' junto con el token de la Arpia y senalando al jugador que tiene el recordatorio de 'Victima'.",16,"Despierta a la Arpia, deja que apunte a un jugador, y luego a otro. Marca al 1ro con el marcador de 'Loco' y al segundo con el marcador de 'Victima'. Indica que duerma la Arpia y despierta al jugador marcado con el recordatorio de 'Loco'. Muestrale la tarjeta de 'Este personaje te selecciono' junto con el token de la Arpia y senalando al jugador que tiene el recordatorio de 'Victima'.","Loco,Victima",,"Cada noche, escoge a 2 jugadores: manana, el 1er jugador esta 'loco' de que el 2do es malo, o uno o ambos puede que mueran.",
plaguedoctor,Medico,,outsider,0,,1,"Cuando el Medico muera, coloca un token de Minion en el centro del lado izquierdo del Grimoire. Marcalo con el token de recordatorio de ""Habilidad de Narrador"" del Medico. De ser necesario, coloca un token de noche en la hoja del orden de noche. Cuando el minion acturaria, las decisiones relevantes son hechas por el Narrador.",Habilidad de Narrador,,"Si mueres, el Narrador obtiene una habilidad de un Minion.",
alsaahir,Alsaahir,,townsfolk,,,,,,,"Una vez por dia, si publicamente adivinas cuales jugadores son Minion(s) y cuales son Demonio(s), gana el equipo bueno.",
banshee,Banshee,,townsfolk,0,,42,"Si el Demonio mata a la Banshee, coloca el recordatorio de ""Tiene Habilidad"" junto a la Banshee y anuncia que ""ha despertado la banshee"" o algo similar.",Tiene Habilidad,,"Si el Demonio te mata, todos los jugadores aprenden esto. Desde ahora, tu puedes nominar dos veces por dia y votar dos veces por nominacion.",
shugenja,Shugenja,,townsfolk,35,"Despierta al Shugenja, si el jugador del equipo malo mas cerca del Shugenja esta en direccion horaria, apunta en esa direccion, de lo contrario apunta a la otra direccion. Si dos jugadores del equipo malo estan a la misma distancia, apunta a la direccion que sea.",,,,,"Comienzas sabiendo si el jugador del equipo malo mas cerca de ti esta en direccion horaria o anti-horaria. Si es equidistante, la info es arbitraria.",
villageidiot,Idiota del Pueblo,,townsfolk,36,Despierta al Idiota del Pueblo. Deja que senale a un jugador. Muestrales el equipo con un pulgar hacia arriba o hacia abajo.,53,Despierta al Idiota del Pueblo. Deja que senale a un jugador. Muestrales el equipo con un pulgar hacia arriba o hacia abajo.,Borracho,,"Cada noche, escoge a un jugador: aprendes su equipo. [+0 a +2 Idiotas del Pueblo. 1 de los extras esta borracho]",TRUE
hatter,Sombrerero,,outsider,,,1,"Si el Sombrerero esta muerto, despierta a los Minion(s) y Demonio(s). Muestrales la tarjeta de 'Este personaje te selecciono' junto con el token del Sombrerero. Cada jugador decide si cambia o no de personaje. Si un segundo jugador escoge un personaje ya en juego, tiene que seleccionar otro. Remueve el recordatorio de ""Fiesta Malvada"" del Sombrero.",Fiesta Malvada,,"Si moriste en el dia o en la noche, los jugadores Minion y Demonio pueden escoger ser nuevos Minion o Demonio.",
ogre,Ogro,,outsider,1,Opcional: Marca al jugador seleccionado con el recordatorio de 'Amistad'. El Ogro siempre es del mismo equipo que su amistad.,,,Amistad,,"En tu 1ra noche, escoge a un jugador (no tu mismo): eres de su equipo (no sabes cual) aun si estas borracho o envenenado.",
zealot,Extremista,,outsider,,,,,,,"Si hay 5 o mas jugadores vivos, tienes que votar en todas las nominaciones.",
summoner,Invocador,,minion,1,Despierta al Invocador. Muestrale 3 personajes que no estan en juego. Coloca el recordatorio de 'Noche 1' en el Invocador.,1,"Reemplaza el recordatorio del Invocador por el siguiente en la sucesion. Si tiene el recordatorio de 'Noche 3', despierta al Invocador. Deja que seleccione a un jugador y un Demonio del libreto. El invocador vuelve a dormir. Despierta al jugador seleccionado y muestrale la tarjeta de 'Tu eres' y el Demonio seleccionado junto con el pulgar hacia abajo indicando que es del equipo malo. (El demonio actua mas tarde esta noche).","Noche 1,Noche 2,Noche 3",,"Conoces 3 personajes que no estan en juego. En la 3era noche, escoge a un jugador: se convierte en un Demonio del equipo malo de tu eleccion [No hay Demonio]",TRUE
kazali,Kazali,,demon,2,Despierta al Kazali. Deja que seleccione a un jugador y un Minion del libreto. Puedes dejar que siga despierto el Kazali en este proceso. Despierta al jugador seleccionado y muestrale la tarjeta de 'Tu eres' y el Minion seleccionado junto con el pulgar hacia abajo indicando que es del equipo malo. Repite el proceso hasta que se tenga el numero de Minions normales para el juego.,24,El Kazali senala a un jugador. Ese jugador muere.,Muerto,,"Cada noche*, escoge a un jugador: se muere. [Tu escoges que jugadores son cuales Minions. -? a +? Forasteros]",TRUE
ojo,Oculus,,demon,0,,24,"El Oculus senala a un personaje del libreto. Este personaje se muere. Si no esta en juego, el Narrador escoge quien muere.",Muerto,,"Cada noche*, escoge a un personaje: se muere. Si no esta en juego, el Narrador escoge quien muere.",
yaggababble,Yaggababble,,demon,2,Despierta al Yaggababble. Muestrale la frase secreta.,,,Muerto,,"Comienzas sabiendo una frase secreta. Cada vez que la digas publicamente, un jugador puede morir.",
carl,Carl,kencheng,fabled,,,,,,,"Al terminar el 1er dia, todos los jugadores senalan a quien matan para finalizar el juego. Si el Demonio o un Minion muere, gana el equipo bueno. No hay chats privados.",
